category,risk_score
BUSINESS,53.05574098798398
ENVIRONMENT,50.88642659279778
POLITICS,67.6403011066794
U.S. NEWS,66.5758896151053
